{"manifest":{
"name":"Cony","platform":
"Android","provider":
{"name":"line creator","url":"http://"},
"revision":54,"schemaVersion":1,"themeVersion":"6.9.0","quality":85},
"view.common":{"background.image":"main.jpg"},
"addFriend.tab.addGroup":{"arrow.tintcolor":"#ffb7cf"
,"background.color":{"normal":"#ffffff","pressed":"#f8f8f8"},
"icon.tintcolor":"#ff9fc3",
"text.color":"#444444","addButton.background.tintcolor":{
"normal":"#f770a5","pressed":"#eb669a"},
"addButton.text.color":"#ffffff","icon.background.tintcolor":"#ffe9f1"
,"subtext.color":"#fa5795","updateButton.tintcolor":{"normal":"#f770a5","pressed":"#eb669a"}},
"addFriend.tab.icon":{"idsearch.image":"gnb_ic_search.png",
"invite.image":"gnb_ic_contacts.png",
"qrcode.image":"gnb_ic_qrcode.png",
"shakeit.image":"gnb_ic_shakeit.png"}
,"addFriend.tab.item":{
"background.color":{"normal":"#2AFF9DBF"
,"pressed":"#56FF9DBF"},
"text.color":"#ff000000"},"album.detail.menu":{
"item.color":{"normal":"#fab2cc","selected":"#f770a5"},
"checked.icon.tintcolor":"#f770a5"},"bottom.button.common":{
"button1.background.color":{"normal":"#f770a5","pressed":"#ac4e73","dimmed":"#f770a5"},
"button1.text.color":{"normal":"#ffffff","dimmed":"#66ffffff"},
"button2.background.color":{"normal":"#767274","pressed":"#525051","dimmed":"#767274"},
"button2.text.color":{"normal":"#ffffff","dimmed":"#66ffffff"}},
"calllist.item":{"dateIcon.tintcolor":"#ff90b9","dateText.color":"#ff90b9","nameText.color":"#3f3429","phoneIcon.tintcolor":{
"normal":"#fb79aa","pressed":"#fdafcc"},"phoneIcon.background.tintcolor":{
"normal":"#ffe9f1","pressed":"#fed9e6"}},
"chathistory.attach.header":{"background.image":"header_bg.9.png","text.color":"#ffffff"},
"chathistory.attach.item":{"background.image":{"pressed":"chatroom_icBig2.png"
,"normal":"chatroom_icBig1.png"},
"external.icon.tintcolor":"#f49bbd","icon.tintcolor":"#ff000000","text.color":"#ff000000",
"top.divider.background.color":"#fcc9dc"},
"chathistory.attach.item.image":{
"linecamera.image":{"normal":"chatroom_attach_ic_camera.png","padding":"0 0 0 0"},
"choose.file.image":{"normal":"chatroom_attach_ic_file.png","padding":"0 0 0 0"},
"pay.image":{"normal":"chatroom_attach_ic_pay.png","padding":"0 0 0 0"},
"snapmovie.image":{"normal":"chatroom_attach_ic_snapmovie.png","padding":"0 0 0 0"},
"audio.image":{"normal":"chatroom_attach_ic_voicemessage.png","padding":"0 0 0 0"},
"choose.photo.image":{"normal":"chatroom_attach_ic_photo.png","padding":"0 0 0 0"},
"choose.video.image":{"normal":"chatroom_attach_ic_chooesvideo.png","padding":"0 0 0 0"}
,"contact.image":{"normal":"chatroom_attach_ic_info.png","padding":"0 0 0 0"}
,"location.image":{"normal":"chatroom_attach_ic_location_selected.png","padding":"0 0 0 0"}
,"take.photo.image":{"normal":"chatroom_attach_ic_takephoto.png","padding":"0 0 0 0"}
,"take.video.image":{"normal":"chatroom_attach_ic_takevideo.png","padding":"0 0 0 0"}}
,"chathistory.balloon.recv":{"background.image":{"normal":"chatroom_balloon_rec_normal.9.png"
,"pressed":"chatroom_balloon_rec_pressed.9.png"}},
"chathistory.balloon.send":{"background.image":{"normal":"chatroom_balloon_send_normal.9.png",
"pressed":"chatroom_balloon_send_pressed.9.png"}},
"chathistory.balloon.text.recv":{"background.image":{"normal":"chatroom_balloon_rec_normal.9.png"
,"padding":"","pressed":"chatroom_balloon_rec_pressed.9.png"}}
,"chathistory.balloon.text.send":{"background.image":{"normal":"chatroom_balloon_send_normal.9.png"
,"padding":"","pressed":"chatroom_balloon_send_pressed.9.png"}},
"chathistory.balloon.video.default.recv":{"background.color":"#ffffff"},
"chathistory.balloon.video.default.send":{"background.color":"#ffdce9"},
"chathistory.common":{"autoresend.icon.tintcolor":"#ff90b9","checkBox.image":{
"normal":"list_checkbox_img_normal.png","selected":"list_checkbox_img_selected.png"},
"datebar.background.image":"chatroom_date.9.png",
"datebar.text.color":"#ff90b9",
"name.color":"#ff90b9","time.color":"#ff90b9",
"soundsticker.icon.tintcolor":"#ff90b9",
"retry.icon.image":"chatroom_ic_retry.png"},
"chathistory.contact.recv.msg":{"arrow.tintcolor":"#ffb8d2",
"text.color":"#141414"},"chathistory.contact.send.msg":{
"arrow.tintcolor":"#a37f8c","text.color":"#141414"},
"chathistory.file.recv.msg":{"arrow.tintcolor":"#ffb8d2"
,"expire.text.color":"#444444",
"file.icon.tintcolor":"#444444","text.color":"#141414"},
"chathistory.file.send.msg":{"arrow.tintcolor":"#a37f8c"
,"expire.text.color":"#444444",
"file.icon.tintcolor":"#444444","text.color":"#141414"}
,"chathistory.gift.recv.msg":{"background.image":"chatroom_balloon_gift_rec.9.png",
"button.background.image":{"normal":"button_r07_normal.9.png"
,"pressed":"button_r07_pressed.9.png"},
"button.text.color":"#ffffff","button.text.shadow":"#00000000"
,"text.color":"#141414"},
"chathistory.gift.send.msg":{"background.image":"chatroom_balloon_gift_send.9.png","text.color":"#141414"},
"chathistory.groupboard.recv.msg":{"arrow.tintcolor":"#ffb8d2","bottom.background.image":"chatroom_balloon_line_rec.9.png",
"location.text.color":"#282828"
,"more.text.color":"#ffb8d2"
,"photo.default.tintcolor":"#ffb8d2"
,"photoicon.tintcolor":"#ffb8d2",
"sticker.default.tintcolor":"#ffb8d2"
,"text.color":"#141414",
"bottom.text.color":"#ffb8d2"
,"video.default.tintcolor":"#ffb8d2",
"videoicon.tintcolor":"#ffb8d2"}
,"chathistory.groupboard.send.msg":{
"arrow.tintcolor":"#a37f8c","bottom.background.image":"chatroom_balloon_line_send.9.png",
"location.text.color":"#444444","more.text.color":"#a37f8c"
,"photo.default.tintcolor":"#a37f8c",
"photoicon.tintcolor":"#a37f8c"
,"sticker.default.tintcolor":"#a37f8c"
,"text.color":"#111111"
,"bottom.text.color":"#a37f8c"
,"video.default.tintcolor":"#a37f8c"
,"videoicon.tintcolor":"#a37f8c"}
,"chathistory.groupboard.tip":{"text.color":"#4f3c34"}
,"chathistory.input":{"attachButton.icon.image":"chatroom_ic_add.png"
,"background.image":"chatroom_input_bg.png"
,"eskButton.icon.image":"chatroom_ic_stickers.png"
,"inputText.color":"#ff000000","inputText.hint":"#ff90b9"
,"sendButton.background.color":{"normal":"#33000000","pressed":"#ff8ab7"}
,"sendButton.tintcolor":"#ffffff","photoButton.icon.image":"chatroom_ic_photo.png"
,"keyboardButton.icon.image":"chatroom_ic_keyboard.png"}
,"chathistory.input.sendButton.selectType":{"text.color":{"normal":"#404040"
,"selected":"#fd6ea2"},"icon.tintcolor":{"normal":"#404040","selected":"#fd6ea2"}},
"chathistory.input.voice":{"close.background.color":{"normal":"#f56ea2","pressed":"#b85279"}
,"close.icon.tintcolor":"#ffffff"
,"voip.background.color":{"normal":"#ff8ab7","pressed":"#bf6789"},
"voip.icon.tintcolor":"#ffffff","voip.text.color":"#ffffff"}
,"chathistory.link.recv.msg":{"arrow.tintcolor":"#ffb9d3"
,"bottom.background.image":"chatroom_balloon_line_rec.9.png"
,"detail.text.color":"#ffb9d3","text.color":"#4a3e3a"}
,"chathistory.link.send.msg":{"arrow.tintcolor":"#a37f8c"
,"bottom.background.image":"chatroom_balloon_line_send.9.png"
,"detail.text.color":"#a37f8c","text.color":"#271e1b"},
"chathistory.memberlist.area":{"background.color":"#ccffe6ef"},
"chathistory.music.recv.msg":{"service.text.color":"#a6a6a6",
"title.text.color":"#111111","artist.text.color":"#7c7c7c",
"typename.text.color":"#7c7c7c",
"playlist.default.image":"chatroom_ic_music_playlist.png",
"topic.default.image":"chatroom_ic_music_topic.png",
"playbtn.background.default.image":"chatroom_music_bar_default.png",
"playbtn.background.pressed.image":"chatroom_music_bar_pressed.png",
"playbtn.default.image":"chatroom_music_play_default.png",
"playbtn.pressed.image":"chatroom_music_play_pressed.png",
"stopbtn.default.image":"chatroom_music_stop_default.png",
"stopbtn.pressed.image":"chatroom_music_stop_pressed.png",
"playing.image":"chatroom_ic_music_playing.png",
"loading.image":"chatroom_ic_music_loading.png"},
"chathistory.music.send.msg":{"service.text.color":"#a19096",
"title.text.color":"#444444","artist.text.color":"#696265",
"typename.text.color":"#696265",
"playlist.default.image":"chatroom_ic_music_playlist.png",
"topic.default.image":"chatroom_ic_music_topic.png",
"playbtn.background.default.image":"chatroom_music_bar_default.png",
"playbtn.background.pressed.image":"chatroom_music_bar_pressed.png",
"playbtn.default.image":"chatroom_music_play_default.png",
"playbtn.pressed.image":"chatroom_music_play_pressed.png",
"stopbtn.default.image":"chatroom_music_stop_default.png",
"stopbtn.pressed.image":"chatroom_music_stop_pressed.png",
"playing.image":"chatroom_ic_music_playing.png"
,"loading.image":"chatroom_ic_music_loading.png"},
"chathistory.onair":{"background.image":"chatroom_onair_bg.9.png",
"subtext.color":"#f993b7","text.color":"#f87ea9"},
"chathistory.option.item":{"bottom.divider.background.color":"#fbd3e1",
"button.background.image":{"pressed":"chatroom_attach_ic_camera2.png"
,"normal":"chatroom_attach_ic_camera1.png"
},
"text.color":{"normal":"#ff000000","dimmed":"#66eb6499"}

},
"chathistory.option.item.image":{"search.image":"chatroom_option_ic_search_normal.png","album.dimmed.image":"chatroom_option_ic_albums_disable.png"
,"album.image":"chatroom_option_ic_albums_normal.png","block.image":"chatroom_option_ic_block.png"
,"create.group.dimmed.image":"chatroom_option_ic_creategroup_disable.png",
"create.group.image":"chatroom_option_ic_creategroup_normal.png",
"edit.dimmed.image":"chatroom_option_ic_edit_disable.png",
"edit.image":"chatroom_option_ic_edit_normal.png",
"edit.group.dimmed.image":"chatroom_option_ic_editgroup_disable.png",
"edit.group.image":"chatroom_option_ic_editgroup_normal.png",
"invite.dimmed.image":"chatroom_option_ic_invite_disable.png",
"invite.image":"chatroom_option_ic_invite_normal.png",
"leave.dimmed.image":"chatroom_option_ic_leave_disable.png",
"leave.image":"chatroom_option_ic_leave_normal.png",
"line.call.dimmed.image":"chatroom_option_ic_linecall_disable.png",
"line.call.image":"chatroom_option_ic_linecall_normal.png",
"notification.off.image":"chatroom_option_ic_noti_off.png",
"notification.on.image":"chatroom_option_ic_noti_on.png",
"photo.image":"chatroom_option_ic_pv_normal.png",
"photo.video.dimmed.image":"chatroom_option_ic_pv_disable.png",
"photo.video.image":"chatroom_option_ic_pv_normal.png",
"recommend.dimmed.image":"chatroom_option_ic_recom_disable.png",
"recommend.image":"chatroom_option_ic_recom_normal.png",
"send.gift.dimmed.image":"chatroom_option_ic_gift_disable.png",
"send.gift.image":"chatroom_option_ic_gift_normal.png",
"setting.dimmed.image":"chatroom_option_ic_setting_disable.png",
"setting.image":"chatroom_option_ic_setting_normal.png",
"timer.dimmed.image":"chatroom_option_ic_timer_disable.png",
"timer.image":"chatroom_option_ic_timer_normal.png",
"unblock.image":"chatroom_option_ic_unblock.png","group.event.image":"chatroom_option_ic_event_normal.png"},
"chathistory.option.item.voip.video":{"background.image":{"pressed":"chatroom_option_ic_freecall_normal2.png"
,"normal":"chatroom_option_ic_freecall_normal1.png"},
"text.color":{"normal":"#ff000000","dimmed":"#66eb6499"}},
"chathistory.option.item.voip.video.image":{"video.call.dimmed.image":"chatroom_option_ic_videocall_disable.png",
"video.call.image":"chatroom_option_ic_videocall_normal.png"},
"chathistory.option.item.voip.voice":{"background.image":{"pressed":"chatroom_option_ic_freecall_normal2.png"
,"normal":"chatroom_option_ic_freecall_normal1.png"},
"text.color":{"normal":"#ff000000","dimmed":"#66eb6499"}},
"chathistory.option.item.voip.voice.image":{"voice.call.dimmed.image":"chatroom_option_ic_freecall_disable.png",
"voice.call.image":"chatroom_option_ic_freecall_normal.png"},
"chathistory.privatechat.balloon.receive.text":{"background.image":{"normal":"chatroom_balloon_hidden.9.png",
"pressed":"chatroom_balloon_hidden.9.png"},
"icon.arrow.tintcolor":"#bab4ac","text.color":"#282828"},
"chathistory.privatechat.common":{"name.text.color":"#ff90b9",
"time.text.color":"#ff90b9","timer.text.color":"#ff90b9",
"autoresend.icon.tintcolor":"#ff90b9"},
"chathistory.privatechat.header.banner.item":{"text.color":"#444444","icon.tintcolor":"#fd6ea2"},
"chathistory.privatechat.tooltip":{"text.color":"#444444"},
"chathistory.privatechat.view.common":{"background.image":"chatroom_bg_hidden.9.png"},
"chathistory.spammer":{"background.image":"chatroom_onair_bg.9.png",
"button.background.image":{"normal":"button_r06_normal.9.png",
"pressed":"button_r06_pressed.9.png"},"button.text.color":"#ffffff",
"name.text.color":"#f87ea9","text.color":"#f993b7"},
"chathistory.text.recv.msg":{"text.color":"#ff000000"},
"chathistory.text.send.msg":{"text.color":"#ff000000"},
"chathistory.view.common":{"background.image":{"normal":"chatroom_bg_pattern.jpg"
,"gravity":"center"}
},
"chathistory.voice.recv.msg":{"bottom.background.image":"chatroom_voicemsg_line_w_rec.9.png",
"colon.tintcolor":{"normal":"#b4b4b4","selected":"#444444"},
"pause.image":{"normal":"chatroom_ic_voicemsg_rec_pause.png",
"selected":"chatroom_ic_voicemsg_rec_pause_pressed.png"},
"play.image":{"normal":"chatroom_ic_voicemsg_rec_play.png",
"selected":"chatroom_ic_voicemsg_rec_play_pressed.png"},
"seperator.image":"chatroom_voicemsg_line_h_rec.9.png",
"share.image":{"normal":"chatroom_ic_voicemsg_rec_share.png",
"selected":"chatroom_ic_voicemsg_rec_share_pressed.png"},
"speak.expire.image":"chatroom_ic_voicemsg_rec_x.png",
"speak.image":"chatroom_ic_voicemsg_rec_00.png",
"speak1.image":"chatroom_ic_voicemsg_rec_01.png"
,"speak2.image":"chatroom_ic_voicemsg_rec_02.png",
"speak3.image":"chatroom_ic_voicemsg_rec_03.png"
,"text.color":{"normal":"#b4b4b4","selected":"#444444"}}
,"chathistory.voice.send.msg":{"bottom.background.image":"chatroom_voicemsg_line_w_send.9.png",
"colon.tintcolor":{"normal":"#baa0a2","selected":"#444444"}
,"pause.image":{"normal":"chatroom_ic_voicemsg_send_pause.png",
"selected":"chatroom_ic_voicemsg_send_pause_pressed.png"},
"play.image":{"normal":"chatroom_ic_voicemsg_send_play.png",
"selected":"chatroom_ic_voicemsg_send_play_pressed.png"},
"seperator.image":"chatroom_voicemsg_line_h_send.9.png",
"share.image":{"normal":"chatroom_ic_voicemsg_send_share.png",
"selected":"chatroom_ic_voicemsg_send_share_pressed.png"},
"speak.expire.image":"chatroom_ic_voicemsg_send_x.png",
"speak.image":"chatroom_ic_voicemsg_send_00.png",
"speak1.image":"chatroom_ic_voicemsg_send_01.png",
"speak2.image":"chatroom_ic_voicemsg_send_02.png",
"speak3.image":"chatroom_ic_voicemsg_send_03.png",
"text.color":{"normal":"#baa0a2","selected":"#444444"}},
"chathistory.voip.recv.msg":{"icon.tintcolor":"#ff8ab7",
"linecall.text.color":"#8d6947","text.color":"#524537"},
"chathistory.voip.send.msg":{"icon.tintcolor":"#d85b8b",
"linecall.text.color":"#d85b8b","text.color":"#4c4c4c"},
"chatlist.item":{"messageCountText.background.image":"list_category_chat_num.9.png",
"messageCountText.color":"#ffffff","messageText.color":"#ff000000"
,"muteIcon.tintcolor":"#ffc4db","nameText.color":"#ff000000",
"newIcon.image":"list_category_chat_new.png",
"timeText.color":"#ff90b9",
"callingIcon.image":"list_category_chat_calling.png",
"notiIcon.image":"list_category_chat_noti.png"},
"common.empty.page":{"call.link.text.color":"#888888",
"call.name.text.color":"#3f3429","zero.image":"zero_img_empty.png",
"zero.title.color":"#212121","zero.subtitle.color":"#888888",
"zerobutton.background.image":{"normal":"button_r07_normal.9.png"
,"pressed":"button_r07_pressed.9.png"},"zerobutton.text.color":"#ffffff",
"error.image":"zero_img_error.png","error.subtitle.color":"#888888",
"error.button.background.image":{"normal":"button_r07_normal.9.png",
"pressed":"button_r07_pressed.9.png"},"error.button.text.color":"#ffffff"},
"friendlist.category":{"arrowClose.tintcolor":"#ffa6c4",
"arrowOpen.tintcolor":"#ffa6c4","background.color":"#5effa5d8",
"text.color":"#ff000000","textSeeAll.arrow.tintcolor":"#ffa6c4",
"textSeeAll.color":"#ffa6c4"},"friendlist.common":{"noresult.text.color":"#fb89b5"},
"friendlist.item":{"addInviteButton.background.image":{"normal":"button_r10_normal.9.png",
"pressed":"button_r10_pressed.9.png"},"addInviteButton.color":"#f770a5",
"addFriend.background.tintcolor":{"normal":"#ffe9f1","pressed":"#fed9e6"},
"addFriend.icon.tintcolor":"#ef83ad","arrowIcon.tintcolor":"#ffbcd6",
"checkboxOff.image":"list_checkbox_img_normal.png",
"checkboxOn.image":"list_checkbox_img_selected.png",
"descriptionText.color":"#fa5795","nameText.color":"#ff000000",
"phoneIcon.tintcolor":{"normal":"#fb79aa","pressed":"#fdafcc"},
"statusText.color":"#ff000000","phoneNumberText.color":"#fa5795",
"phoneIcon.background.tintcolor":{"normal":"#ffe9f1","pressed":"#fed9e6"},
"updateIcon.tintcolor":"#f87ea9","updateVideoProfile.tintcolor":"#f87ea9"},
"friendlist.item.common":{"background.color":
{"normal":"#14ffffff","pressed":"#7fff80ce"},
"new.background.color":{"normal":"#2AFF9DBF","pressed":"#fbfbdc"},
"checked.background.color":{"normal":"#2AFF9DBF","pressed":"#f8f8f8"}},
"grouphome.empty":{"empty.note.icon.image.tintcolor":"#c7bfc2",
"empty.album.icon.image.tintcolor":"#c7bfc2","empty.text.color":"#a19c9e",
"empty.btn.background.image":{"normal":"button_r07_normal.9.png",
"pressed":"button_r07_pressed.9.png"},"empty.btn.text.color":"#ffffff"},
"grouphome.error":{"sticker.image":"zero_img_error.png",
"icon.tintcolor":"#c7bfc2","msg.text.color":"#a19c9e",
"msg.text.shadow":"#00000000","btn.text.color":"#ffffff",
"btn.text.background.image":{"normal":"button_r07_normal.9.png",
"pressed":"button_r07_pressed.9.png"}},
"grouphome.friend.request":{"background.color":"#f2eff1f4",
"message.text.color":"#626774","message.icon.tintcolor":"#626774",
"btn.background.color":{"normal":"#f770a5","pressed":"#f15794"},
"btn.text.color":"#ffffff"},"grouphome.main":{"tab.text.color":"#fab2cc",
"selectedTab.text.color":"#f770a5","tab.background.color":"#ffffff",
"tabBottomLine.background.color":"#f770a5",
"moreTab.icon.tintcolor":{"normal":"#f98db7","pressed":"#f98db7"},
"postWriteBtn.image":{"normal":"group_ic_writepost.png","pressed":"group_ic_writepost_pressed.png"},
"albumCreateBtn.image":{"normal":"group_ic_postalbum.png","pressed":"group_ic_postalbum_pressed.png"}},
"grouphome.member.category":{"category.text.color":"#f770a5",
"category.count.text.color":"#f770a5","edit.btn.background.image":{"normal":"button_r10_normal.9.png"
,"pressed":"button_r10_pressed.9.png"},"edit.btn.text.color":"#f770a5",
"category.divider.background.color":"#ffccdf"},
"grouphome.member.profile":{"add.btn.icon.tintcolor":"#f98db7",
"profile.name.text.color":"#444444"},"invitemember.tab.item":{
"background.image":{"normal":"gnb_bg_addfriend_normal.9.png",
"pressed":"gnb_bg_addfriend_pressed.9.png"},"text.color":"#eb6499","icon.tintcolor":"#eb6499"}
,"list.common":{"divider.background.color":"#ffebf2"},
"main.view.common":{"background.image":"main.jpg"},
"moreMenu.item":{
"newIcon.image":"more_ic_new.png",
"text.color":"#f770a5","icon.tintcolor":{"normal":"#ff000000","pressed":"#fbbed6"},
"LpointCount.newIcon.tintcolor":"#e51f6c","LpointCount.plusIcon.tintcolor":"#f770a5",
"LpointCount.text.color":"#f770a5","LpointLabel.text.color":"#f770a5",
"icon.background.color":"#2AFF9DBF"
,"Lpoint.background.color":"#2AFF9DBF","LpointLabel.background.tintcolor":"#f770a5"},
"moreMenu.lower.item":{"background.color":{"pressed":"#56FF9DBF"
,"normal":"#2AFF9DBF"},
"newIcon.image":"more_ic_new.png","text.color":"#ff000000",
"icon.tintcolor":"#ff000000"},"moreMenu.topbanner.item":{"arrowIcon.tintcolor":"#a1a1a1",
"background.color":"#ffffff","text.color":"#444444","topDivider.background.color":"#ececec",
"subtext.color":"#b2444444"},
"moreMenu.view":{"bottom.background.image":"main.jpg"
,"background.color":"#00000000"
},"multi.userselect":{"background.color":"#ffe6ef",
"name.text.color":"#3f3429"},
"myhome.background":{"background.image":"main.jpg"},
"myhome.cover":{"officialHomeProfileArrow.tintcolor":{"normal":"#ffb8d2","pressed":"#ffb8d2"},
"officialHomeProfileText.color":"#444444"},"myhome.lineend.smiley":{
"smiley.tintcolor":"#ffffff"},"myhome.list.header":{"updateText.color":"#ff91b9",
"updateTimeText.color":"#faacc9","updateTitleText.color":"#ff91b9"},
"myhome.post.body":{"text.color":"#000000"},"myhome.post.bottom":{
"commentCountText.color":"#ff91b9","commentIcon.image":{"normal":"timeline_ic_postcomment.png",
"selected":"timeline_ic_postcomment.png"},
"commentText.color":"#ff91b9",
"likeCountText.color":"#ff91b9",
"likeIcon.image":{"normal":"timeline_ic_postlike_off.png",
"selected":"timeline_ic_postlike_on.png"},
"likeText.color":"#ff91b9","like.off.icon.tintcolor":"#ff91b9",
"comment.icon.tintcolor":"#ff91b9","share.icon.tintcolor":"#ff91b9",
"cancel.icon.tintcolor":"#ff91b9","reply.text.color":"#ff91b9","comma.icon.tintcolor":"#ffc8dc"},
"myhome.post.header":{"nameText.color":"#444444","timeText.color":"#888888",
"sharePostMessage.color":"#444444","groupBtn.background.image":{"normal":"button_r09_normal.9.png",
"pressed":"button_r09_pressed.9.png"},
"groupBtn.icon.tintcolor":"#ff91b9","groupBtn.text.color":"#ff91b9",
"groupBtn.popup.background.image":"timeline_img_bg_see_bg01.9.png",
"groupBtn.popup.pressed.background.image":{"normal":"","pressed":"timeline_img_bg_see_bg01_pressed.9.png"},
"groupBtn.popup.pressed.reverse.background.image":{"normal":"","pressed":"timeline_img_bg_see_bg02_pressed.9.png"},
"groupBtn.popup.reverse.background.image":"timeline_img_bg_see_bg02.9.png","groupBtn.popup.text.color":"#ffffff",
"groupBtn.popup.detail.text.color":"#ffe9f1",
"groupBtn.popup.divider.background.color":"#e582a6",
"groupBtn.popup.arrow.tintcolor":"#ffe9f1",
"more.icon.tintcolor":{"normal":"#ff91b9","pressed":"#ff91b9"},
"arrow.text.color":{"normal":"#ff91b9","pressed":"#ff91b9"}},
"myhome.write.post":{"icon.tintcolor":"#f770a5","text.color":"#444444"},
"navigationBar":{"background.image":"header_bg_pattern.png",
"badge.count.background.image":"header_num_bg.9.png",
"badge.new.image":"header_ic_new.png","badge.text.color":"#ffffff",
"button.background.color":{"normal":"#00000000","pressed":"#00000000"},
"button.text.color":{"dimmed":"#fbb3cd","normal":"#ff000000","pressed":"#fbb3cc","selected":"#ffffff"},
"button.tintcolor":{"dimmed":"#ff000000","normal":"#ff000000","pressed":"#fbb3cc","selected":"#ffffff"},
"status.background.color":"#ffffa1d3","title.button.tintcolor":"#ffffff","title.text.color":"#ff000000"},
"navigationBar.moreMenu":{"item.text.color":"#404040"},
"navigationBar.search":{"background.image":"header_bg.9.png",
"back.icon.tintcolor":{"normal":"#ff000000","pressed":"#fbb3cc"},
"cancel.icon.tintcolor":"#ffffff","text.color":"#ffffff",
"text.hint":"#fbb4cd","underbar.background.color":"#fbb3cc"},
"navigationBar.tab":{"text.color":{"normal":"#ffffff","selected":"#66ffffff"}},
"noticenter2":{"background.color":"#ffffff","title.text.color":"#f87ea9",
"arrow.icon.image":"timeline_img_tabarrow.png","more.icon.tintcolor":"#f87ea9"},
"notification.popup":{"title.background.image":"popup_noti_bg_top.9.png",
"title.username.text.color":"#ffffff","title.groupname.text.color":"#ffffff",
"title.setting.image.tintcolor":"#ffffff",
"title.count.background.image":"popup_noti_img_num_bg.9.png",
"title.count.text.color":"#ffffff","title.logo.tintcolor":"#ffffff",
"reply.input.bar.background.color":{"normal":"#d4d7dd","selected":"#f770a5"},
"reply.sendbutton.tintcolor":{"normal":"#d4d7dd","pressed":"#f770a5",
"selected":"#f770a5"},"setting.checkbox.background.image":{"normal":"list_checkbox_img_normal.png",
"selected":"list_checkbox_img_selected.png"}},
"passcode":{"background.image":"pass.jpg",
"number.background.image":{"normal":"bgpassnumber.png","pressed":"password_ic_01_on.png"}
,"top.background.color":"#00ffc0e4",
"text.color":"#ff000000","infotext.color":"#ff000000",
"number.cancel.text.color":{"normal":"#ff000000","pressed":"#7ff56ea0"},
"number.delete.tintcolor":{"normal":"#ff000000","pressed":"#f56ea0"},
"number.text.tintcolor":"#ff000000",
"passcode1.background.image":"password_ic_01_off.png",
"passcode1.input.image":"password_ic_01_on.png",
"passcode2.background.image":"password_ic_02_off.png",
"passcode2.input.image":"password_ic_02_on.png",
"passcode3.background.image":"password_ic_03_off.png",
"passcode3.input.image":"password_ic_03_on.png",
"passcode4.background.image":"password_ic_04_off.png",
"passcode4.input.image":"password_ic_04_on.png"},
"profile.thumbnail":{"single.big.image":"user_thumbnail_large_00.png",
"single.small.image":"user_thumbnail_small_00.png",
"group.big.image":"group_thumbnail_large.png",
"group.small.image":"group_thumbnail_small.png"},
"search.chat.highlightColor":{"chatList.text.color":"#25c173",
"receiveMessage.text.color":"#fff58b","sendMessage.text.color":"#fff58b"},
"searchBar":{"cancel.icon.tintcolor":"#fa88b1",
"search.icon.image":"list_ic_search.png","text.color":"#444444",
"text.hint":"#ffbcd6","underbar.background.color":{"normal":"#ffe1ed","selected":"#f770a5"}},
"select.chat.bottom":{"button.background.color":{"normal":"#f770a5","pressed":"#ac4e73"},
"button.icon.tintcolor":"#ffffff","button.text.color":{"normal":"#ffffff","dimmed":"#7fffffff"}},
"select.chat.tab":{"background.image":"gnb_bg_addfriend_normal.9.png",
"selectorBar.background.color":"#f770a5","text.color":{"normal":"#f398bb",
"selected":"#eb6499"},"text.shadow":"#00000000"},
"splash":{"splash.background.image":{"normal":"splash_img.jpg"}
,"background.color":"#fadce2"},
"tabBar.bottom":{"background.image":"gnb_bg_pattern.png",
"shadow.image":"gnb_gra.9.png",
"selectorBar.background.color":"#f770a5"},
"tabBar.item":{"badge.background.image":"gnb_num_bg.9.png",
"badge.new.image":"gnb_ic_new.png"},
"tabBar.item.friend":{"normal.image":"gnb_ic_friends_normal.png",
"selected.image":"gnb_ic_friends_selected.png"},
"tabBar.item.call":{"normal.image":"gnb_ic_linenews_normal.png",
"selected.image":"gnb_ic_linenews_selected.png"},
"tabBar.item.more":{"normal.image":"gnb_ic_more_normal.png",
"selected.image":"gnb_ic_more_selected.png"},
"tabBar.item.talk":{"normal.image":"gnb_ic_chats_normal.png",
"selected.image":"gnb_ic_chats_selected.png"},
"tabBar.item.timeline":{"highlight.image":"gnb_ic_timeline_new.png",
"normal.image":"gnb_ic_timeline_normal.png","selected.image":"gnb_ic_timeline_selected.png"},
"timeline.list.newpost":{"text.color":"#f770a5",
"background.image":{"normal":"timeline_newpost_btn.9.png",
"pressed":"timeline_newpost_btn.9.png"}},
"timeline.userrecall":{"recall.user.text.color":"#fa84ae",
"recall.user.text.background.color":"#00000000",
"recalled.user.text.color":"#fa84ae","suggest.dialog.text.color":"#fa84ae"},
"chathistory.groupcall.layer":{"phoneIcon.tintcolor":"#ffffff"},
"chathistory.groupcall.recv.msg":{"bottom.background.image":{"normal":"chatroom_balloon_line_rec.9.png"}},
"navigationBar.groupcall":{"calling.tintcolor":"#fcff00"},
"search.list.item":{"place.arrow.tintcolor":{"normal":"#404040","pressed":"#666666"},
"setLocation.icon.tintcolor":{"normal":"#fb79aa","pressed":"#fc94bb"},
"place.text.color":{"normal":"#404040","pressed":"#666666"},
"setLocation.text.color":{"normal":"#fb79aa","pressed":"#fc94bb"},
"autosave.text.color":{"normal":"#fb89b5","pressed":"#fb89b5"},
"autosave.divider.background.color":"#fb89b5"},
"myhome.post.background":{"bottom.divider.background.color":"#ffc8dc"},
"myhome.post.input":{"icon.tintcolor":{"normal":"#ff91b9","pressed":"#ff91b9"},
"text.color":"#7fff91b9"},"search.list.shortcut":{"bottom.background.color":"#ffebf2",
"divider.tintcolor":{"normal":"#ffebf2"},"icon.tintcolor":{"normal":"#404040"},
"text.color":{"normal":"#404040"}},
"chathistory.officialAccount.bottombar":{"background.color":"#f87ea9",
"barButton.divider.background.color":"#f98bb2",
"hideKeyboardButton.divider.background.color":"#ddbfca",
"hideKeyboardButton.icon.image":"chatroom_ic_menu.png",
"keyboard.icon.tintcolor":"#ffffff","menuOpenedMark.tintcolor":"#ffffff",
"text.color":"#ffffff","barButton.topDivider.background.color":"#f98bb2"},
"chathistory.officialAccount.widget":{"background.color":{"normal":"#ffe6ef",
"pressed":"#fad8e5"},"divider.background.color":"#fbd3e1","text.color":"#eb6499"},
"search.list.suggest":{"background.color":"#ffe6ef","bottom.divider.background.color":"#f9bfd5",
"search.icon.tintcolor":"#eb659a","text.color":"#eb659a"},
"friendlist.item.requests":{"acceptButton.background.tintcolor":{"normal":"#767274","pressed":"#525051"},
"acceptButton.text.color":"#ffffff","cancelButton.background.tintcolor":{"normal":"#f770a5","pressed":"#ac4e73"},
"cancelButton.text.color":"#ffffff","addedButton.background.tintcolor":"#ececec",
"addedButton.text.color":"#b3b3b3","addedButton.checkIcon.tintcolor":"#b3b3b3",
"retryButton.background.tintcolor":{"normal":"#f770a5","pressed":"#df5c8a"},
"retryButton.text.color":"#ffffff","retryButton.arrowIcon.tintcolor":"#ffffff"},
"timeline.privacySetting":{"descriptionText.color":"#404040",
"deleteButton.background.tintcolor":{"normal":"#f770a5","pressed":"#ac4e73"},
"deleteButton.text.color":"#ffffff",
"addButton.background.tintcolor":{"normal":"#767274","pressed":"#525051"},
"addButton.text.color":"#ffffff","listDeleteButton.background.tintcolor":{"normal":"#f770a5","pressed":"#ac4e73"},
"listDeleteButton.text.color":"#ffffff",
"publicButton.background.tintcolor":{"normal":"#767274","pressed":"#525051"},
"publicButton.text.color":"#ffffff",
"privateButton.background.tintcolor":{"normal":"#f770a5","pressed":"#ac4e73"},
"privateButton.text.color":"#ffffff"},
"timeline.privacySetting.manage":{"sort.icon.tintcolor":"#b3b3b3",
"addFriend.icon.tintcolor":"#8c8c8c","shareGroup.icon.tintcolor":"#fa5795"},
"timeline.privacySetting.searchBox":{"cancel.icon.tintcolor":"#fa88b1",
"count.text.color":"#99404040","inputBox.background.tintcolor":"#f7f7f7",
"text.color":"#444444","text.hint":"#ffbcd6","background.color":"#ffffff"},
"addCollection.tab":{"background.color":"#ffe6ef","bottom.divider.background.color":"#ffa4c6",
"selectorBar.background.color":"#f770a5","tabTextNormal.text.color":"#f398bb",
"tabTextSelected.text.color":"#eb6499"},"timeline.hashtag.search":{"highlight.text.color":"#fa84ae"},
"chathistory.groupcall":{"text.color":"#f87ea9","subtext.color":"#f993b7",
"joinButton.background.tintcolor":{"normal":"#f87ea9","pressed":"#eb78a0"},
"joinButton.icon.tintcolor":"#ffffff","joinButton.text.color":"#ffffff",
"callButton.background.image":{"normal":"chatroom_option_ic_freecall_normal1.png",
"pressed":"chatroom_option_ic_freecall_normal2.png"},"callButton.icon.tintcolor":{"normal":"#GROUPCALLICONCOLOR","dimmed":"#feb8cf"},
"callButton.text.color":{"normal":"#GROUPCALLICONCOLOR","dimmed":"#feb8cf"},
"background.color":"#GROUPCALLBACKGROUND","top.divider.background.color":"#GROUPCALLBACKGROUND",
"bottom.divider.background.color":"#GROUPCALLBACKGROUND"},
"tabBar.item.news":{"normal.image":"gnb_ic_linenews_normal.png",
"selected.image":"gnb_ic_linenews_selected.png"},
"chathistory.call":{"top.divider.background.color":"#ffff80cd",
"bottom.divider.background.color":"#ffffa9d8",
"call.icon.tintcolor":"#ff000000",
"call.text.color":"#ff000000",
"background.tintcolor":{"normal":"#ffffa9d8","pressed":"#ffff80cd"},"member.background.color":"#ffffa9d8"}
,
"chathistory.input2":{"addButton.image":{"normal":"chatroom_ic_add2.png","pressed":"chatroom_ic_add2.png"},
"cameraButton.image":{"normal":"chatroom_ic_camera2.png","pressed":"chatroom_ic_camera2.png"},
"photoButton.image":{"normal":"chatroom_ic_photo2.png","pressed":"chatroom_ic_photo2.png"},
"stickersButton.image":{"normal":"chatroom_ic_stickers2.png","pressed":"chatroom_ic_stickers2.png"},
"voiceButton.image":{"normal":"chatroom_ic_voice2.png","pressed":"chatroom_ic_voice2.png"},
"backButton.image":{"normal":"chatroom_ic_backbutton2.png","pressed":"chatroom_ic_backbutton2.png"},
"sendButton.image":{"normal":"chatroom_ic_sendbutton2.png","pressed":"chatroom_ic_sendbutton2.png"}
,"background.image":"chatroom_input_bg.png","background.image.pattern":"false",
"inputText.hint":"#ff000000",
"inputText.color":"#ff000000","top.divider.background.color":"#00000000",
"inputBox.tintcolor":"#00000000",
"inputBox.outline.tintcolor":"#ff000000","blocked.text.color":"#bfb3ad"}
,"tabBar.bottom.icon":{"friend.normal.image":"gnb_ic_friends_normal.png",
"friend.selected.image":"gnb_ic_friends_selected.png",
"chat.normal.image":"gnb_ic_chats_normal.png",
"chat.selected.image":"gnb_ic_chats_selected.png",
"timeline.normal.image":"gnb_ic_timeline_normal.png",
"timeline.selected.image":"gnb_ic_timeline_selected.png",
"call.normal.image":"gnb_bottom_ic_call_normal.png",
"call.selected.image":"gnb_bottom_ic_call_selected.png",
"news.normal.image":"gnb_ic_linenews_normal.png",
"news.selected.image":"gnb_ic_linenews_selected.png",
"more.normal.image":"gnb_ic_more_normal.png",
"more.selected.image":"gnb_ic_more_selected.png",
"wallet.normal.image":"gnb_ic_more_normal.png",
"wallet.selected.image":"gnb_ic_more_selected.png",
"home.normal.image":"gnb_ic_chats_normal.png",
"home.selected.image":"gnb_ic_friends_selected.png"}
}
